uid,hotspot_0,hotspot_1,hotspot_2
50,35,-1,-1
104,35,-1,-1
121,35,-1,-1
151,35,-1,-1
162,35,-1,-1
163,35,-1,-1
226,35,-1,-1
301,35,-1,-1
318,35,-1,-1
394,35,-1,-1
433,35,-1,-1
444,35,-1,-1
449,35,17,26
460,35,-1,-1
465,35,-1,-1
466,35,-1,-1
485,35,-1,-1
528,35,-1,-1
532,35,-1,-1
538,35,-1,-1
542,35,-1,-1
630,35,-1,-1
648,35,-1,-1
703,35,-1,-1
722,35,27,19
734,35,-1,-1
735,35,-1,-1
779,35,-1,-1
802,35,-1,-1
842,35,-1,-1
844,35,-1,-1
911,35,-1,-1
921,35,-1,-1
988,35,-1,-1
1001,35,-1,-1
1061,35,12,-1
1199,35,-1,-1
1220,35,-1,-1
1226,35,-1,-1
1375,35,-1,-1
1387,35,-1,-1
1445,35,-1,-1
1453,35,29,-1
1560,35,-1,-1
1631,35,20,-1
1680,35,-1,-1
1742,35,-1,-1
1775,35,-1,-1
1786,35,30,-1
1788,35,-1,-1
1873,35,-1,-1
1935,35,30,-1
1947,35,-1,-1
2024,35,-1,-1
2044,35,27,-1
2103,35,-1,-1
2154,35,32,-1
2168,35,-1,-1
2203,35,17,-1
2267,35,-1,-1
2273,35,-1,-1
2274,35,15,-1
2323,35,-1,-1
2326,35,26,-1
2332,35,-1,-1
2377,35,-1,-1
2453,35,-1,-1
2466,35,-1,-1
2474,35,-1,-1
2499,35,12,-1
2573,35,-1,-1
2581,35,-1,-1
2583,35,1,-1
2593,35,27,26
2631,35,-1,-1
2875,35,-1,-1
2881,35,-1,-1
2922,35,-1,-1
2936,35,-1,-1
2947,35,-1,-1
2959,35,-1,-1
3025,35,17,31
3054,35,-1,-1
3077,35,29,-1
3080,35,-1,-1
3105,35,-1,-1
3151,35,-1,-1
3178,35,-1,-1
3212,35,15,-1
3402,35,-1,-1
3416,35,-1,-1
3457,35,-1,-1
3464,35,-1,-1
3490,35,-1,-1
3491,35,-1,-1
3532,35,-1,-1
3571,35,-1,-1
3584,35,-1,-1
3585,35,-1,-1
3650,35,-1,-1
3721,35,-1,-1
3729,35,-1,-1
3752,35,30,-1
3830,35,-1,-1
3900,35,26,-1
3927,35,29,-1
3943,35,-1,-1
3947,35,17,31
3980,35,-1,-1
4043,35,33,-1
4048,35,19,-1
4077,35,-1,-1
4124,35,-1,-1
4151,35,-1,-1
4196,35,-1,-1
4235,35,30,-1
4243,35,-1,-1
4286,35,-1,-1
4289,35,-1,-1
4306,35,-1,-1
4323,35,-1,-1
4377,35,-1,-1
4381,35,-1,-1
4386,35,-1,-1
4415,35,-1,-1
4435,35,-1,-1
4460,35,29,-1
4475,35,-1,-1
4593,35,-1,-1
4665,35,-1,-1
4681,27,35,24
4770,35,-1,-1
4783,35,-1,-1
4808,35,-1,-1
4826,35,-1,-1
4833,35,29,-1
4897,35,-1,-1
4911,35,-1,-1
4932,35,-1,-1
4958,35,-1,-1
4969,35,-1,-1
4979,35,-1,-1
5021,35,-1,-1
5024,35,-1,-1
5050,35,-1,-1
5105,35,22,-1
5120,35,-1,-1
5122,35,-1,-1
5158,35,-1,-1
5165,35,-1,-1
5255,35,-1,-1
5302,35,-1,-1
5309,35,-1,-1
5389,35,-1,-1
5401,35,-1,-1
5435,35,1,0
5499,35,-1,-1
5509,35,27,-1
5537,35,-1,-1
5596,35,-1,-1
5601,35,-1,-1
5672,35,22,-1
5674,35,-1,-1
5744,35,-1,-1
5802,35,-1,-1
5815,35,17,16
5821,35,-1,-1
5853,35,-1,-1
5925,35,29,-1
5947,35,-1,-1
5963,35,-1,-1
5967,35,-1,-1
5977,35,-1,-1
6031,35,-1,-1
6075,35,-1,-1
6082,35,-1,-1
6134,35,-1,-1
6150,35,-1,-1
6276,35,-1,-1
6364,35,-1,-1
6379,35,-1,-1
6427,35,-1,-1
6446,35,-1,-1
6457,35,33,-1
6477,35,-1,-1
6484,35,-1,-1
6585,35,-1,-1
6595,35,-1,-1
6621,35,-1,-1
6625,35,-1,-1
6648,35,-1,-1
6703,35,19,30
6729,35,-1,-1
6738,35,-1,-1
6789,35,-1,-1
6808,35,-1,-1
6869,35,-1,-1
6957,35,-1,-1
7035,35,-1,-1
7050,35,-1,-1
7132,35,-1,-1
7137,35,-1,-1
7199,35,-1,-1
7289,35,-1,-1
7310,35,-1,-1
7327,35,-1,-1
7465,35,-1,-1
7522,35,-1,-1
7580,35,-1,-1
7586,35,-1,-1
7629,35,-1,-1
7684,35,-1,-1
7686,35,-1,-1
7819,35,-1,-1
7851,35,-1,-1
7908,35,15,10
7909,35,-1,-1
7917,35,27,-1
8029,35,-1,-1
8051,35,-1,-1
8106,35,29,-1
8130,35,33,-1
8249,35,-1,-1
8317,35,2,-1
8368,35,-1,-1
8375,35,-1,-1
8392,35,-1,-1
8394,35,26,-1
8402,35,-1,-1
8419,35,-1,-1
8423,35,30,-1
8427,35,-1,-1
8481,35,-1,-1
8526,35,-1,-1
8561,35,27,-1
8594,35,-1,-1
8707,35,-1,-1
8719,35,-1,-1
8724,35,27,24
8747,35,-1,-1
8748,35,-1,-1
8768,35,-1,-1
8794,35,9,27
8821,35,30,27
8844,35,-1,-1
8885,35,-1,-1
8925,35,-1,-1
8948,35,-1,-1
8961,35,27,-1
8969,35,-1,-1
8981,35,-1,-1
8989,35,-1,-1
9044,35,-1,-1
9058,35,-1,-1
9060,35,-1,-1
9088,35,-1,-1
9163,35,-1,-1
9210,35,-1,-1
9218,35,-1,-1
9248,35,-1,-1
9252,35,-1,-1
9272,35,29,-1
9277,35,-1,-1
9304,35,-1,-1
9388,35,-1,-1
9411,35,-1,-1
9415,35,17,31
9416,35,20,-1
9431,35,-1,-1
9438,35,-1,-1
9445,35,-1,-1
9446,35,-1,-1
9492,35,-1,-1
9519,35,12,5
9606,35,17,32
9618,35,25,-1
9653,35,-1,-1
9670,35,-1,-1
9714,35,-1,-1
9715,35,-1,-1
9733,35,-1,-1
9812,35,2,-1
9839,35,-1,-1
9850,35,-1,-1
9853,35,-1,-1
9909,35,27,-1
10043,35,-1,-1
10058,35,-1,-1
10064,35,5,12
10081,35,17,16
10108,35,-1,-1
10119,35,-1,-1
10130,35,19,18
10151,35,-1,-1
10161,35,-1,-1
10186,35,-1,-1
10206,35,12,13
10280,35,32,17
10295,35,-1,-1
10313,35,12,13
10330,35,-1,-1
10357,35,-1,-1
10375,35,-1,-1
10415,35,5,-1
10468,35,-1,-1
10471,35,-1,-1
10473,35,-1,-1
10541,35,-1,-1
10555,35,12,-1
10593,35,-1,-1
10596,35,-1,-1
10612,35,-1,-1
10739,35,-1,-1
10789,35,-1,-1
10824,35,-1,-1
10862,35,-1,-1
10868,35,-1,-1
10891,35,-1,-1
10892,35,-1,-1
10933,35,-1,-1
10944,35,-1,-1
10969,35,-1,-1
10996,35,-1,-1
11040,35,-1,-1
11050,35,-1,-1
11082,35,-1,-1
11118,35,-1,-1
11243,35,-1,-1
11271,35,-1,-1
11273,35,-1,-1
11279,35,-1,-1
11304,35,-1,-1
11314,35,-1,-1
11316,35,-1,-1
11414,35,-1,-1
11423,35,-1,-1
11439,35,27,-1
11467,35,27,-1
11486,35,-1,-1
11520,35,23,-1
11555,35,-1,-1
11610,35,-1,-1
11625,35,-1,-1
11663,35,-1,-1
11755,35,-1,-1
11774,35,-1,-1
11777,35,-1,-1
11809,35,26,-1
11830,35,20,-1
11839,35,-1,-1
11841,35,-1,-1
11850,35,-1,-1
11877,35,-1,-1
11886,35,-1,-1
11890,35,-1,-1
11919,35,-1,-1
11938,17,35,-1
12003,35,-1,-1
12096,35,-1,-1
12132,35,-1,-1
12178,35,-1,-1
12218,35,-1,-1
12228,35,-1,-1
12233,35,-1,-1
12319,35,18,26
12321,35,-1,-1
12324,35,-1,-1
12334,35,17,32
12337,35,-1,-1
12383,35,4,30
12388,35,-1,-1
12390,35,-1,-1
12399,35,-1,-1
12433,35,-1,-1
12478,35,-1,-1
12484,35,19,18
12529,35,24,3
12565,35,-1,-1
12608,35,-1,-1
12644,35,7,3
12664,35,20,-1
12695,35,-1,-1
12698,35,-1,-1
12729,35,-1,-1
12809,35,-1,-1
12811,35,-1,-1
12842,35,-1,-1
12855,35,-1,-1
12878,35,-1,-1
12906,35,-1,-1
12921,35,-1,-1
12982,35,-1,-1
12985,35,2,17
13005,35,-1,-1
13049,35,-1,-1
13121,35,-1,-1
13127,35,27,26
13133,35,-1,-1
13135,35,-1,-1
13155,35,27,-1
13163,35,-1,-1
13254,35,-1,-1
13265,35,-1,-1
13282,35,-1,-1
13295,35,-1,-1
13374,35,30,-1
13394,35,-1,-1
13491,35,-1,-1
13498,35,-1,-1
13526,35,-1,-1
13527,35,-1,-1
13540,35,-1,-1
13573,35,-1,-1
13580,35,-1,-1
13609,35,15,19
13647,35,-1,-1
13765,35,-1,-1
13813,35,-1,-1
13885,35,-1,-1
13890,35,29,27
13961,35,-1,-1
13963,35,-1,-1
13969,35,-1,-1
13975,35,-1,-1
13982,35,-1,-1
13988,35,-1,-1
14005,35,20,-1
14059,35,-1,-1
14071,35,-1,-1
14079,35,-1,-1
14140,35,-1,-1
14183,35,-1,-1
14252,35,-1,-1
14311,35,29,-1
14331,35,-1,-1
14344,35,5,-1
14379,35,19,-1
14387,35,-1,-1
14411,35,-1,-1
14415,35,-1,-1
14429,35,-1,-1
14541,35,-1,-1
14556,35,-1,-1
14577,35,-1,-1
14614,35,-1,-1
14643,35,-1,-1
14648,35,30,-1
14667,35,-1,-1
14683,35,-1,-1
14704,35,-1,-1
14727,35,-1,-1
14753,35,-1,-1
14816,35,-1,-1
14901,35,-1,-1
14917,35,-1,-1
14924,35,-1,-1
14926,35,2,-1
14986,35,22,-1
14998,35,-1,-1
15009,35,-1,-1
15054,35,-1,-1
15100,27,35,24
15108,35,-1,-1
15119,35,-1,-1
15141,35,23,-1
15197,35,-1,-1
15200,35,-1,-1
15203,35,-1,-1
15212,35,8,19
15222,35,-1,-1
15268,35,26,27
15279,35,-1,-1
15300,35,-1,-1
15325,35,-1,-1
15367,35,17,16
15384,35,33,-1
15392,35,-1,-1
15401,35,-1,-1
15420,35,-1,-1
15500,35,-1,-1
15503,35,-1,-1
15631,35,22,-1
15643,35,15,4
15644,35,-1,-1
15730,35,-1,-1
15734,35,-1,-1
15817,35,-1,-1
15844,35,-1,-1
15853,35,-1,-1
15894,35,-1,-1
15900,35,-1,-1
15997,35,21,-1
16015,35,27,31
16021,35,-1,-1
16041,35,-1,-1
16055,35,-1,-1
16098,35,-1,-1
16120,35,30,-1
16175,35,-1,-1
16199,35,-1,-1
16225,35,19,-1
16269,35,-1,-1
16284,35,-1,-1
16354,35,-1,-1
16390,35,27,29
16401,35,-1,-1
16403,35,-1,-1
16409,35,-1,-1
16412,35,-1,-1
16465,35,27,26
16516,35,3,27
16519,35,-1,-1
16590,35,27,-1
16602,35,32,31
16654,35,-1,-1
16669,35,-1,-1
16732,35,-1,-1
16774,35,-1,-1
16823,35,20,27
16825,35,-1,-1
16854,35,-1,-1
16874,35,29,-1
16875,35,-1,-1
16909,35,6,21
17008,35,11,22
17014,35,-1,-1
17015,35,-1,-1
17119,35,-1,-1
17121,35,-1,-1
17155,35,-1,-1
17177,35,-1,-1
17211,35,-1,-1
17239,35,-1,-1
17267,35,-1,-1
17356,35,-1,-1
17363,35,-1,-1
17369,35,-1,-1
17379,35,19,18
17448,35,-1,-1
17466,35,-1,-1
17473,35,-1,-1
17489,35,-1,-1
17529,35,-1,-1
17540,35,-1,-1
17542,35,-1,-1
17555,35,-1,-1
17581,35,-1,-1
17610,27,3,35
17636,35,30,-1
17672,35,-1,-1
17746,35,-1,-1
17856,35,-1,-1
17892,35,-1,-1
17898,35,-1,-1
17900,35,-1,-1
17925,35,-1,-1
17936,35,-1,-1
18007,35,-1,-1
18016,35,-1,-1
18047,35,-1,-1
18061,35,-1,-1
18064,35,-1,-1
18173,35,20,-1
18175,35,-1,-1
18186,35,-1,-1
18216,35,29,-1
18237,35,-1,-1
18242,35,-1,-1
18250,35,-1,-1
18252,35,-1,-1
18259,35,-1,-1
18331,35,-1,-1
18357,35,-1,-1
18404,35,-1,-1
18418,35,-1,-1
18510,35,26,8
18543,35,-1,-1
18557,35,-1,-1
18663,35,-1,-1
18731,35,27,24
18770,35,-1,-1
18775,35,-1,-1
18809,35,-1,-1
18827,35,-1,-1
18831,35,-1,-1
18844,35,-1,-1
18932,35,-1,-1
18933,35,17,-1
18934,35,26,-1
18948,35,-1,-1
19041,35,26,-1
19066,35,-1,-1
19129,35,-1,-1
19132,35,20,-1
19222,35,-1,-1
19237,35,17,32
19326,35,-1,-1
19329,35,30,17
19366,35,-1,-1
19376,35,-1,-1
19416,35,-1,-1
19427,35,-1,-1
19453,35,-1,-1
19465,35,-1,-1
19501,35,-1,-1
19565,35,-1,-1
19601,35,-1,-1
19614,35,-1,-1
19654,35,-1,-1
19673,35,-1,-1
19771,35,-1,-1
19780,35,-1,-1
19823,35,-1,-1
19830,35,27,-1
19846,35,22,-1
19881,35,-1,-1
19892,35,-1,-1
19922,35,29,-1
19970,35,-1,-1
19991,35,25,-1
20002,35,-1,-1
20026,35,-1,-1
20084,35,22,-1
20103,35,-1,-1
20106,35,-1,-1
20145,35,-1,-1
20186,35,-1,-1
20191,35,27,-1
20205,35,-1,-1
20294,35,-1,-1
20346,35,29,-1
20368,35,15,-1
20397,35,30,-1
20467,35,-1,-1
20520,35,-1,-1
20645,35,-1,-1
20667,35,-1,-1
20673,35,-1,-1
20681,35,-1,-1
20709,35,-1,-1
20774,35,-1,-1
20846,35,27,-1
20852,35,9,27
20880,35,-1,-1
20895,35,-1,-1
20913,35,-1,-1
20942,35,-1,-1
20988,35,-1,-1
21132,35,30,-1
21242,35,-1,-1
21262,35,-1,-1
21293,35,-1,-1
21402,35,-1,-1
21405,35,-1,-1
21428,35,-1,-1
21523,35,-1,-1
21551,35,-1,-1
21553,35,17,32
21651,35,-1,-1
21685,35,-1,-1
21715,35,-1,-1
21827,35,-1,-1
21843,35,-1,-1
21859,35,-1,-1
21914,35,-1,-1
21934,35,-1,-1
22120,35,27,-1
22145,35,-1,-1
22193,35,12,29
22260,35,-1,-1
22339,35,-1,-1
22480,35,-1,-1
22557,35,-1,-1
22673,35,-1,-1
22677,35,-1,-1
22714,35,-1,-1
22715,35,-1,-1
22716,35,-1,-1
22745,35,-1,-1
22810,35,-1,-1
22853,35,17,-1
22871,35,-1,-1
22934,35,27,26
22946,35,-1,-1
22955,35,0,33
22978,35,25,-1
22983,35,-1,-1
23026,35,-1,-1
23063,35,-1,-1
23111,35,-1,-1
23151,35,-1,-1
23184,35,-1,-1
23248,35,-1,-1
23316,35,-1,-1
23341,35,-1,-1
23359,35,-1,-1
23394,35,12,21
23401,35,-1,-1
23429,35,-1,-1
23455,35,-1,-1
23498,35,23,22
23536,35,-1,-1
23540,35,-1,-1
23545,35,-1,-1
23568,35,-1,-1
23651,35,-1,-1
23691,35,-1,-1
23788,35,-1,-1
23791,35,-1,-1
23799,35,-1,-1
23816,35,-1,-1
23822,35,-1,-1
23831,35,17,32
23842,35,-1,-1
23845,35,-1,-1
23882,35,-1,-1
23883,35,-1,-1
23888,35,-1,-1
23892,35,22,23
23924,35,-1,-1
23932,35,-1,-1
23960,35,-1,-1
24004,35,-1,-1
24013,35,-1,-1
24031,35,-1,-1
24062,35,-1,-1
24093,35,23,22
24138,35,-1,-1
24150,35,-1,-1
24249,35,-1,-1
24278,35,19,-1
24310,35,-1,-1
24313,35,-1,-1
24343,35,-1,-1
24367,35,3,-1
24385,35,-1,-1
24386,35,17,-1
24387,35,-1,-1
24459,35,-1,-1
24519,35,-1,-1
24587,35,-1,-1
24599,35,19,15
24658,35,-1,-1
24706,35,30,23
24784,35,-1,-1
24797,35,-1,-1
24825,35,-1,-1
24827,35,-1,-1
24856,35,30,-1
24930,35,-1,-1
24945,35,27,3
24968,35,28,-1
25029,35,-1,-1
25071,35,27,-1
25132,35,-1,-1
25141,35,-1,-1
25162,35,-1,-1
25202,35,-1,-1
25214,35,27,-1
25217,35,-1,-1
25231,35,27,-1
25316,35,-1,-1
25326,35,9,10
25389,35,-1,-1
25476,35,-1,-1
25508,35,-1,-1
25509,35,-1,-1
25611,35,-1,-1
25644,35,-1,-1
25821,35,25,-1
25956,35,-1,-1
25999,35,-1,-1
26059,35,-1,-1
26069,35,-1,-1
26087,35,-1,-1
26126,35,26,-1
26146,35,25,-1
26215,35,27,3
26274,35,-1,-1
26297,35,-1,-1
26315,35,-1,-1
26319,35,-1,-1
26394,35,-1,-1
26412,35,-1,-1
26457,35,-1,-1
26481,35,-1,-1
26532,35,-1,-1
26585,35,-1,-1
26604,35,-1,-1
26619,35,-1,-1
26732,35,-1,-1
26835,35,-1,-1
26852,35,-1,-1
26870,35,-1,-1
26873,35,-1,-1
26885,35,-1,-1
26936,35,30,-1
27074,35,-1,-1
27119,35,-1,-1
27165,35,-1,-1
27195,35,-1,-1
27207,35,-1,-1
27269,35,34,-1
27312,35,-1,-1
27409,35,-1,-1
27442,35,27,9
27453,35,-1,-1
27462,35,-1,-1
27471,35,-1,-1
27479,35,-1,-1
27503,35,29,-1
27507,35,20,27
27517,35,-1,-1
27528,35,-1,-1
27543,35,-1,-1
27615,35,-1,-1
27631,35,-1,-1
27665,35,-1,-1
27670,35,29,-1
27681,17,35,31
27754,35,-1,-1
27772,35,29,-1
27800,35,22,3
27814,35,-1,-1
27925,35,-1,-1
27939,35,9,15
28012,35,-1,-1
28013,35,-1,-1
28035,35,-1,-1
28061,35,-1,-1
28066,35,-1,-1
28067,35,-1,-1
28095,35,-1,-1
28129,35,-1,-1
28142,35,-1,-1
28148,35,-1,-1
28160,35,-1,-1
28215,35,17,-1
28242,35,-1,-1
28299,35,22,29
28318,35,-1,-1
28320,35,-1,-1
28369,35,-1,-1
28371,35,-1,-1
28375,35,-1,-1
28432,35,-1,-1
28468,35,-1,-1
28516,35,-1,-1
28534,35,-1,-1
28569,35,12,-1
28625,35,30,-1
28648,35,-1,-1
28654,35,-1,-1
28659,35,-1,-1
28805,35,-1,-1
28842,35,-1,-1
28880,35,-1,-1
28939,35,-1,-1
28941,35,-1,-1
28990,35,-1,-1
28992,35,-1,-1
29022,35,-1,-1
29049,35,-1,-1
29052,35,-1,-1
29169,35,-1,-1
29175,35,28,-1
29239,35,-1,-1
29261,35,-1,-1
29301,35,22,-1
29314,35,-1,-1
29339,35,-1,-1
29373,35,-1,-1
29395,35,6,21
29409,35,22,27
29498,35,14,-1
29501,35,-1,-1
29519,35,-1,-1
29529,35,-1,-1
29549,35,22,-1
29557,35,-1,-1
29577,35,-1,-1
29613,35,-1,-1
29627,35,-1,-1
29667,35,-1,-1
29678,35,-1,-1
29761,35,-1,-1
29768,35,-1,-1
29774,35,-1,-1
29775,35,-1,-1
29854,35,-1,-1
29866,35,-1,-1
29870,35,29,-1
29887,35,-1,-1
29920,35,30,-1
29950,35,21,5
29962,35,-1,-1
30076,35,-1,-1
30094,35,-1,-1
30117,35,-1,-1
30125,35,-1,-1
30146,35,-1,-1
30175,35,-1,-1
30180,35,-1,-1
30188,35,25,-1
30193,35,-1,-1
30231,35,-1,-1
30232,35,-1,-1
30296,35,-1,-1
30353,35,-1,-1
30389,35,-1,-1
30526,26,35,27
30618,35,-1,-1
30699,35,-1,-1
30709,35,21,22
30766,35,-1,-1
30793,35,29,-1
30800,35,-1,-1
30870,35,-1,-1
30892,35,-1,-1
30908,35,-1,-1
30919,27,35,26
31065,35,-1,-1
31067,35,-1,-1
31109,35,-1,-1
31126,35,27,-1
31134,35,-1,-1
31206,35,-1,-1
31209,35,-1,-1
31233,35,-1,-1
31241,35,17,16
31244,35,30,-1
31260,35,-1,-1
31272,35,-1,-1
31274,35,-1,-1
31287,35,-1,-1
31289,35,-1,-1
31309,35,-1,-1
31318,35,-1,-1
31338,35,-1,-1
31353,35,-1,-1
31366,35,-1,-1
31397,35,0,17
31414,35,-1,-1
31417,35,-1,-1
31436,35,-1,-1
31471,35,-1,-1
31476,35,-1,-1
31486,35,17,33
31526,35,17,31
31528,35,-1,-1
31575,35,-1,-1
31607,35,-1,-1
31623,35,-1,-1
31635,35,-1,-1
31705,35,-1,-1
31764,35,-1,-1
31776,35,-1,-1
31796,35,-1,-1
31811,35,-1,-1
31837,35,-1,-1
31879,35,-1,-1
31912,35,-1,-1
31961,35,25,-1
31965,35,-1,-1
31971,35,-1,-1
32068,35,-1,-1
32078,35,-1,-1
32083,35,-1,-1
32106,35,-1,-1
32112,35,-1,-1
32120,35,-1,-1
32195,35,-1,-1
32211,35,26,-1
32360,35,-1,-1
32499,35,5,-1
32542,35,-1,-1
32561,35,-1,-1
32573,35,-1,-1
32624,35,25,-1
32635,35,-1,-1
32672,35,17,31
32674,35,-1,-1
32689,35,27,26
32731,35,-1,-1
32812,35,-1,-1
32831,35,-1,-1
32872,35,26,-1
32902,35,-1,-1
32926,35,29,-1
32994,35,-1,-1
33006,35,-1,-1
33023,35,-1,-1
33059,35,-1,-1
33069,35,-1,-1
33117,35,-1,-1
33168,35,-1,-1
33205,35,-1,-1
33261,35,-1,-1
33287,35,-1,-1
33343,35,-1,-1
33372,35,-1,-1
33373,35,-1,-1
33424,35,-1,-1
33434,35,22,-1
33459,35,19,-1
33465,35,-1,-1
33471,35,-1,-1
33487,35,-1,-1
33526,35,-1,-1
33527,35,-1,-1
33563,35,15,-1
33575,35,-1,-1
33611,35,-1,-1
33664,35,-1,-1
33677,35,-1,-1
33678,35,-1,-1
33725,35,19,18
33738,35,-1,-1
33765,35,-1,-1
33778,35,-1,-1
33784,35,-1,-1
33827,35,30,-1
33858,35,-1,-1
33930,35,-1,-1
33940,35,-1,-1
34007,35,-1,-1
34096,35,-1,-1
34136,35,33,30
34191,35,27,-1
34197,35,-1,-1
34213,35,-1,-1
34221,35,-1,-1
34346,35,-1,-1
34509,35,-1,-1
34527,35,-1,-1
34594,35,-1,-1
34608,35,-1,-1
34701,35,-1,-1
34743,35,27,3
34834,35,-1,-1
34847,35,-1,-1
34948,35,-1,-1
34989,35,-1,-1
35129,35,-1,-1
35173,35,-1,-1
35179,35,-1,-1
35239,35,24,27
35278,35,-1,-1
35348,35,-1,-1
35354,35,-1,-1
35377,35,-1,-1
35381,35,-1,-1
35437,35,19,22
35442,35,-1,-1
35459,35,-1,-1
35478,35,-1,-1
35585,35,-1,-1
35600,35,30,-1
35625,35,-1,-1
35706,35,-1,-1
35794,35,-1,-1
35802,35,-1,-1
35880,35,-1,-1
35912,35,-1,-1
35924,35,-1,-1
36001,35,-1,-1
36025,35,-1,-1
36033,35,-1,-1
36041,35,-1,-1
36108,35,-1,-1
36111,35,-1,-1
36147,35,-1,-1
36210,35,-1,-1
36244,35,-1,-1
36258,35,-1,-1
36305,35,-1,-1
36316,35,-1,-1
36358,35,-1,-1
36371,35,20,-1
36408,35,-1,-1
36429,35,27,-1
36433,35,-1,-1
36443,35,-1,-1
36520,35,-1,-1
36538,35,-1,-1
36553,35,23,22
36561,35,-1,-1
36576,35,-1,-1
36641,35,-1,-1
36647,35,22,8
36726,35,-1,-1
36778,35,-1,-1
36798,35,-1,-1
36803,35,-1,-1
36837,35,-1,-1
36878,35,-1,-1
36931,35,-1,-1
36969,35,-1,-1
37021,35,-1,-1
37052,35,-1,-1
37055,35,-1,-1
37072,35,0,-1
37105,35,-1,-1
37146,35,-1,-1
37226,35,-1,-1
37232,35,-1,-1
37252,35,-1,-1
37254,35,-1,-1
37274,35,-1,-1
37294,35,-1,-1
37346,35,12,-1
37379,35,-1,-1
37472,35,-1,-1
37534,35,-1,-1
37601,35,-1,-1
37691,35,-1,-1
37706,35,-1,-1
37723,35,-1,-1
37766,35,8,-1
37790,35,27,26
37855,35,27,-1
37886,35,-1,-1
37898,35,17,29
37925,35,29,-1
37976,35,-1,-1
38002,35,-1,-1
38030,35,-1,-1
38034,35,-1,-1
38041,35,-1,-1
38097,35,-1,-1
38141,35,8,-1
38142,35,-1,-1
38185,35,-1,-1
38219,35,-1,-1
38272,35,-1,-1
38355,35,27,19
38371,35,-1,-1
38502,35,-1,-1
38524,35,-1,-1
38563,35,-1,-1
38573,35,-1,-1
38610,35,-1,-1
38611,35,-1,-1
38691,35,-1,-1
38706,35,-1,-1
38711,35,-1,-1
38740,35,-1,-1
38771,35,-1,-1
38776,35,-1,-1
38828,35,27,20
38830,35,26,-1
38831,35,-1,-1
38839,35,-1,-1
38905,35,-1,-1
38956,35,-1,-1
38957,35,-1,-1
39114,35,27,19
39115,35,-1,-1
39146,35,-1,-1
39150,35,27,26
39170,35,-1,-1
39216,35,-1,-1
39262,35,-1,-1
39387,35,-1,-1
39390,35,-1,-1
39411,35,-1,-1
39436,35,-1,-1
39483,35,-1,-1
39512,35,-1,-1
39529,35,-1,-1
39583,35,-1,-1
39613,35,-1,-1
39695,35,27,25
39710,35,15,22
39730,35,-1,-1
39819,35,-1,-1
39968,35,-1,-1
40023,35,-1,-1
40082,35,-1,-1
40099,35,-1,-1
40107,35,17,33
40173,35,-1,-1
40189,35,29,-1
40193,35,-1,-1
40220,35,22,6
40230,35,-1,-1
40247,35,-1,-1
40260,35,-1,-1
40350,35,-1,-1
40392,35,5,12
40400,35,15,13
40449,35,-1,-1
40485,35,-1,-1
40559,35,-1,-1
40572,35,-1,-1
40576,35,-1,-1
40590,35,17,31
40635,35,-1,-1
40642,35,17,16
40712,35,15,28
40747,35,27,-1
40783,35,-1,-1
40786,35,-1,-1
40794,35,-1,-1
40824,35,25,-1
40826,35,-1,-1
40852,35,13,-1
40862,35,-1,-1
40869,35,-1,-1
40927,35,-1,-1
40957,35,-1,-1
41044,35,-1,-1
41052,35,-1,-1
41057,35,-1,-1
41058,35,30,-1
41062,35,17,32
41064,35,-1,-1
41088,35,-1,-1
41174,35,-1,-1
41224,35,-1,-1
41227,35,-1,-1
41325,35,-1,-1
41340,35,-1,-1
41348,35,-1,-1
41353,35,31,-1
41388,35,-1,-1
41397,35,-1,-1
41429,35,12,-1
41433,35,-1,-1
41448,35,-1,-1
41460,35,-1,-1
41478,35,-1,-1
41511,35,-1,-1
41526,35,-1,-1
41529,35,17,31
41537,35,-1,-1
41554,35,-1,-1
41700,35,20,-1
41717,35,-1,-1
41718,35,22,-1
41727,35,-1,-1
41733,35,-1,-1
41917,35,-1,-1
41922,35,-1,-1
41997,35,-1,-1
42045,35,-1,-1
42051,35,27,3
42079,35,27,-1
42101,35,-1,-1
42183,35,-1,-1
42193,35,-1,-1
42200,35,-1,-1
42316,35,-1,-1
42352,35,-1,-1
42375,35,-1,-1
42377,35,-1,-1
42382,35,-1,-1
42487,35,-1,-1
42507,35,-1,-1
42535,35,-1,-1
42550,35,30,-1
42590,35,-1,-1
42620,35,-1,-1
42672,35,-1,-1
42691,35,27,26
42713,35,-1,-1
42787,35,-1,-1
42841,35,-1,-1
42901,35,-1,-1
42926,35,-1,-1
43004,35,-1,-1
43091,35,-1,-1
43093,35,-1,-1
43097,35,-1,-1
43106,35,-1,-1
43115,35,-1,-1
43145,35,-1,-1
43193,35,17,33
43195,35,-1,-1
43214,35,15,-1
43217,35,-1,-1
43255,35,-1,-1
43299,35,-1,-1
43322,35,-1,-1
43331,35,-1,-1
43356,35,-1,-1
43364,35,-1,-1
43442,35,-1,-1
43459,35,30,-1
43472,35,-1,-1
43482,35,19,18
43510,35,-1,-1
43611,35,-1,-1
43670,35,-1,-1
43679,35,-1,-1
43760,35,-1,-1
43801,35,-1,-1
43804,35,-1,-1
43854,35,-1,-1
43878,35,12,13
43886,35,-1,-1
43908,35,-1,-1
43942,35,-1,-1
43949,35,-1,-1
43983,35,-1,-1
43991,35,-1,-1
44021,35,-1,-1
44046,35,-1,-1
44061,35,-1,-1
44136,35,-1,-1
44212,35,-1,-1
44242,35,25,-1
44244,35,-1,-1
44266,35,-1,-1
44267,35,25,-1
44290,35,-1,-1
44305,35,-1,-1
44328,35,-1,-1
44335,35,32,17
44341,35,-1,-1
44353,35,-1,-1
44360,35,6,22
44362,35,-1,-1
44366,35,-1,-1
44386,35,27,-1
44416,35,-1,-1
44444,35,-1,-1
44482,35,-1,-1
44483,35,-1,-1
44533,35,21,-1
44548,35,-1,-1
44584,35,27,25
44591,35,17,-1
44604,35,30,-1
44650,35,27,34
44708,35,-1,-1
44734,35,-1,-1
44786,35,-1,-1
44830,35,-1,-1
44840,35,-1,-1
44848,35,-1,-1
44908,35,-1,-1
44912,35,-1,-1
44952,35,-1,-1
44989,35,-1,-1
45030,35,-1,-1
45032,35,-1,-1
45070,35,27,26
45072,35,-1,-1
45108,35,-1,-1
45160,35,-1,-1
45167,35,-1,-1
45178,35,-1,-1
45222,35,-1,-1
45246,35,32,17
45296,35,-1,-1
45321,35,-1,-1
45344,35,-1,-1
45374,35,-1,-1
45377,35,-1,-1
45436,35,-1,-1
45472,35,-1,-1
45476,35,-1,-1
45478,35,-1,-1
45489,35,-1,-1
45505,35,-1,-1
45515,35,-1,-1
45593,35,-1,-1
45648,35,-1,-1
45657,35,-1,-1
45732,35,-1,-1
45752,35,-1,-1
45818,35,-1,-1
45819,35,-1,-1
45839,35,-1,-1
45842,35,-1,-1
45849,35,-1,-1
45917,35,27,29
45937,35,20,27
45953,35,-1,-1
45997,35,-1,-1
45998,35,-1,-1
46023,35,-1,-1
46076,35,-1,-1
46084,35,-1,-1
46106,35,27,20
46139,35,-1,-1
46171,35,1,0
46176,35,-1,-1
46182,35,-1,-1
46214,35,-1,-1
46244,35,-1,-1
46260,35,-1,-1
46268,35,-1,-1
46299,35,-1,-1
46321,35,-1,-1
46355,35,-1,-1
46380,35,-1,-1
46415,35,-1,-1
46440,35,-1,-1
46442,35,-1,-1
46517,35,-1,-1
46528,35,-1,-1
46552,35,-1,-1
46581,35,-1,-1
46647,35,-1,-1
46782,35,17,30
46817,35,17,-1
46882,35,4,-1
46920,35,7,8
46923,35,-1,-1
46947,35,-1,-1
46949,35,-1,-1
46951,35,-1,-1
46969,35,30,-1
47014,35,17,32
47025,35,-1,-1
47051,35,27,3
47105,35,-1,-1
47177,35,-1,-1
47190,35,-1,-1
47212,35,-1,-1
47255,35,-1,-1
47263,35,34,6
47272,35,-1,-1
47279,35,-1,-1
47295,35,-1,-1
47442,35,-1,-1
47444,35,-1,-1
47445,35,-1,-1
47490,35,-1,-1
47531,35,-1,-1
47534,35,5,12
47569,35,-1,-1
47704,35,-1,-1
47781,35,-1,-1
47878,35,-1,-1
47926,35,-1,-1
47966,35,-1,-1
47997,35,-1,-1
48097,35,-1,-1
48113,35,-1,-1
48120,35,-1,-1
48220,35,-1,-1
48253,35,-1,-1
48298,35,-1,-1
48327,35,-1,-1
48330,35,-1,-1
48336,35,-1,-1
48361,35,27,26
48463,35,-1,-1
48473,35,-1,-1
48529,35,-1,-1
48598,35,0,-1
48607,35,23,22
48633,35,-1,-1
48641,35,-1,-1
48652,35,22,6
48675,35,30,-1
48725,35,-1,-1
48765,35,-1,-1
48777,35,-1,-1
48862,35,-1,-1
48909,35,-1,-1
48911,35,-1,-1
48931,35,-1,-1
48948,35,-1,-1
49018,35,-1,-1
49031,35,-1,-1
49160,35,-1,-1
49178,35,-1,-1
49233,35,-1,-1
49272,35,-1,-1
49273,35,-1,-1
49275,35,-1,-1
49302,35,15,29
49319,35,-1,-1
49406,35,27,-1
49415,35,-1,-1
49471,35,-1,-1
49502,35,-1,-1
49537,35,-1,-1
49617,35,-1,-1
49642,35,-1,-1
49646,35,-1,-1
49690,35,27,25
49728,35,-1,-1
49742,35,-1,-1
49743,35,-1,-1
49752,35,19,-1
49801,35,-1,-1
49823,35,4,12
49842,35,-1,-1
49856,35,-1,-1
49871,35,-1,-1
49898,35,-1,-1
49908,35,17,-1
49910,35,-1,-1
49995,35,-1,-1
50011,35,27,-1
50014,35,-1,-1
50025,35,20,-1
50060,35,-1,-1
50092,35,-1,-1
50094,35,-1,-1
50172,35,-1,-1
50187,35,-1,-1
50188,35,-1,-1
50297,35,-1,-1
50357,35,-1,-1
50420,35,25,-1
50421,35,-1,-1
50422,35,-1,-1
50474,35,-1,-1
50477,35,-1,-1
50502,35,-1,-1
50534,35,-1,-1
50594,35,-1,-1
50611,35,-1,-1
50633,35,-1,-1
50724,35,30,17
50759,35,29,-1
50761,35,-1,-1
50774,35,-1,-1
50796,35,-1,-1
50798,35,25,-1
50813,35,31,32
50842,35,-1,-1
50853,35,-1,-1
50855,35,-1,-1
50886,35,-1,-1
50923,35,-1,-1
51097,35,19,12
51110,35,-1,-1
51136,35,-1,-1
51141,35,-1,-1
51146,35,25,-1
51208,35,-1,-1
51246,35,-1,-1
51262,35,-1,-1
51281,35,-1,-1
51314,35,-1,-1
51316,35,-1,-1
51329,35,-1,-1
51399,35,-1,-1
51402,35,-1,-1
51429,35,-1,-1
51490,35,-1,-1
51502,35,-1,-1
51542,35,-1,-1
51651,35,2,17
51690,35,-1,-1
51696,35,-1,-1
51732,35,-1,-1
51736,35,-1,-1
51773,35,-1,-1
51789,35,25,20
51829,35,-1,-1
51835,35,-1,-1
51855,35,-1,-1
51868,35,-1,-1
51891,35,-1,-1
51913,35,-1,-1
51945,35,-1,-1
51954,35,-1,-1
51957,35,-1,-1
51967,35,-1,-1
51981,35,-1,-1
51995,35,-1,-1
52045,35,26,-1
52053,35,-1,-1
52073,35,2,-1
52075,35,-1,-1
52113,35,-1,-1
52147,35,-1,-1
52151,35,-1,-1
52166,35,-1,-1
52178,35,-1,-1
52217,35,-1,-1
52219,35,-1,-1
52372,35,-1,-1
52377,35,-1,-1
52439,35,-1,-1
52467,35,-1,-1
52470,35,-1,-1
52473,35,-1,-1
52497,35,5,-1
52523,35,12,-1
52525,35,-1,-1
52554,35,-1,-1
52612,35,-1,-1
52626,35,-1,-1
52635,35,-1,-1
52642,35,-1,-1
52646,35,27,26
52701,35,-1,-1
52743,35,-1,-1
52771,35,17,-1
52808,35,-1,-1
52818,35,-1,-1
52822,35,17,16
52832,35,-1,-1
52923,35,-1,-1
52999,35,-1,-1
53021,35,-1,-1
53060,35,27,23
53129,35,-1,-1
53197,35,-1,-1
53234,35,-1,-1
53254,35,-1,-1
53281,35,-1,-1
53282,35,-1,-1
53284,35,-1,-1
53338,35,-1,-1
53339,35,-1,-1
53350,35,-1,-1
53361,35,-1,-1
53440,35,-1,-1
53510,35,-1,-1
53624,35,-1,-1
53737,35,-1,-1
53767,35,27,26
53803,35,-1,-1
53953,35,-1,-1
53975,35,-1,-1
54006,35,-1,-1
54021,35,17,22
54024,35,-1,-1
54050,35,-1,-1
54068,35,26,-1
54117,35,-1,-1
54160,35,-1,-1
54166,35,-1,-1
54239,35,-1,-1
54273,35,29,-1
54291,35,19,-1
54340,35,-1,-1
54345,35,23,-1
54367,35,27,-1
54370,35,8,27
54433,35,-1,-1
54437,35,-1,-1
54451,35,4,-1
54499,35,-1,-1
54527,35,-1,-1
54566,35,-1,-1
54626,35,-1,-1
54635,35,-1,-1
54677,35,-1,-1
54724,35,-1,-1
54761,35,-1,-1
54785,35,-1,-1
54802,35,27,-1
54811,35,-1,-1
54822,35,27,26
54847,35,-1,-1
54878,35,29,-1
54922,35,-1,-1
54942,35,-1,-1
54989,35,15,29
54994,35,-1,-1
55007,35,-1,-1
55023,35,22,-1
55035,35,-1,-1
55082,35,-1,-1
55157,35,-1,-1
55197,35,8,-1
55213,35,-1,-1
55233,35,-1,-1
55267,35,-1,-1
55270,35,34,-1
55272,35,-1,-1
55278,35,-1,-1
55282,35,-1,-1
55285,35,-1,-1
55302,35,-1,-1
55328,35,-1,-1
55356,35,-1,-1
55411,35,-1,-1
55440,35,-1,-1
55502,35,-1,-1
55615,35,-1,-1
55674,35,19,-1
55746,35,-1,-1
55842,35,-1,-1
55846,35,-1,-1
55851,35,-1,-1
55948,35,-1,-1
55979,35,30,9
56009,35,-1,-1
56023,35,-1,-1
56042,35,-1,-1
56096,35,-1,-1
56135,35,-1,-1
56227,35,27,20
56262,35,-1,-1
56270,35,15,8
56335,35,-1,-1
56341,35,-1,-1
56377,35,-1,-1
56382,35,-1,-1
56398,35,-1,-1
56405,35,-1,-1
56408,35,0,-1
56452,35,-1,-1
56463,35,-1,-1
56480,35,-1,-1
56535,35,6,-1
56562,35,27,3
56648,35,-1,-1
56686,35,-1,-1
56714,35,22,6
56715,35,-1,-1
56798,35,-1,-1
56808,35,-1,-1
56838,35,-1,-1
56841,35,-1,-1
56985,35,-1,-1
57002,35,34,-1
57008,35,27,26
57076,35,-1,-1
57134,35,-1,-1
57149,35,-1,-1
57177,35,-1,-1
57264,35,-1,-1
57313,35,22,-1
57337,35,-1,-1
57375,35,-1,-1
57377,35,-1,-1
57386,35,-1,-1
57425,35,-1,-1
57433,35,-1,-1
57512,35,-1,-1
57537,35,-1,-1
57544,35,-1,-1
57591,35,4,13
57615,35,-1,-1
57674,35,3,6
57686,35,21,-1
57739,35,22,21
57782,35,-1,-1
57790,35,0,-1
57837,35,-1,-1
57865,35,-1,-1
57952,35,-1,-1
57989,35,-1,-1
58011,35,-1,-1
58034,35,-1,-1
58064,35,-1,-1
58107,35,-1,-1
58137,35,-1,-1
58178,35,30,-1
58250,35,-1,-1
58254,35,26,-1
58262,35,-1,-1
58269,35,17,32
58352,35,27,-1
58364,35,-1,-1
58393,35,15,-1
58428,35,29,-1
58479,35,17,30
58586,35,-1,-1
58596,35,-1,-1
58612,35,-1,-1
58655,35,-1,-1
58704,35,-1,-1
58718,35,-1,-1
58756,35,-1,-1
58791,35,-1,-1
58847,35,-1,-1
58932,35,-1,-1
58960,35,30,-1
59087,35,-1,-1
59116,35,-1,-1
59124,35,-1,-1
59134,35,-1,-1
59137,35,5,29
59153,35,-1,-1
59206,35,-1,-1
59299,35,-1,-1
59301,35,32,17
59325,35,-1,-1
59347,35,-1,-1
59396,35,-1,-1
59422,35,-1,-1
59439,35,-1,-1
59454,35,-1,-1
59469,35,-1,-1
59526,35,-1,-1
59528,35,-1,-1
59538,35,-1,-1
59576,35,-1,-1
59626,35,-1,-1
59702,35,-1,-1
59710,35,-1,-1
59715,35,-1,-1
59804,35,17,32
59841,35,-1,-1
59985,35,-1,-1
60013,35,17,-1
60040,35,-1,-1
60062,35,-1,-1
60078,35,-1,-1
60148,35,-1,-1
60162,35,-1,-1
60185,35,17,31
60201,35,-1,-1
60239,35,-1,-1
60265,35,-1,-1
60273,35,-1,-1
60281,35,-1,-1
60305,35,12,29
60403,35,-1,-1
60422,35,-1,-1
60515,35,-1,-1
60537,35,-1,-1
60588,35,27,-1
60603,35,-1,-1
60607,35,-1,-1
60671,35,19,23
60686,35,15,22
60785,35,-1,-1
60798,35,-1,-1
60864,35,-1,-1
60884,35,-1,-1
60939,35,-1,-1
60950,35,-1,-1
60959,35,-1,-1
61025,35,-1,-1
61037,35,12,27
61056,35,-1,-1
61060,35,-1,-1
61066,35,-1,-1
61076,35,-1,-1
61081,35,-1,-1
61123,35,25,-1
61161,35,-1,-1
61184,35,27,15
61216,35,-1,-1
61217,35,-1,-1
61258,35,-1,-1
61266,35,-1,-1
61291,35,15,29
61388,35,-1,-1
61566,35,-1,-1
61582,35,-1,-1
61674,35,-1,-1
61689,35,-1,-1
61768,35,-1,-1
61772,35,-1,-1
61817,35,-1,-1
61855,35,-1,-1
61856,35,-1,-1
61867,35,-1,-1
61885,35,-1,-1
61958,35,30,-1
61973,35,3,15
61978,35,-1,-1
61995,35,-1,-1
62092,35,-1,-1
62162,35,-1,-1
62344,35,-1,-1
62380,35,27,-1
62406,35,-1,-1
62447,35,-1,-1
62467,35,-1,-1
62507,35,-1,-1
62564,35,-1,-1
62580,35,-1,-1
62585,35,-1,-1
62591,35,-1,-1
62619,35,-1,-1
62624,35,15,-1
62627,35,27,3
62721,35,-1,-1
62855,35,-1,-1
62875,35,-1,-1
62883,35,26,-1
62907,35,-1,-1
62914,35,-1,-1
62923,35,-1,-1
62971,35,0,-1
62978,35,-1,-1
63040,35,27,-1
63047,35,-1,-1
63055,35,-1,-1
63074,35,-1,-1
63107,35,-1,-1
63129,35,0,-1
63141,35,-1,-1
63194,35,29,-1
63209,35,30,-1
63267,35,-1,-1
63296,35,-1,-1
63336,35,-1,-1
63338,35,-1,-1
63367,35,-1,-1
63372,35,-1,-1
63389,35,-1,-1
63405,35,-1,-1
63461,35,25,-1
63480,35,-1,-1
63538,35,-1,-1
63562,35,-1,-1
63613,35,-1,-1
63710,35,-1,-1
63789,35,-1,-1
63795,35,-1,-1
63799,35,-1,-1
63842,35,-1,-1
63863,35,-1,-1
63891,35,-1,-1
63938,35,-1,-1
64036,35,-1,-1
64070,35,-1,-1
64097,35,19,-1
64153,35,-1,-1
64157,35,-1,-1
64168,35,-1,-1
64173,35,-1,-1
64174,22,35,6
64182,35,-1,-1
64185,35,-1,-1
64240,14,35,0
64266,35,-1,-1
64301,35,-1,-1
64304,35,-1,-1
64317,35,-1,-1
64353,35,-1,-1
64370,35,-1,-1
64386,35,-1,-1
64431,35,-1,-1
64453,35,-1,-1
64477,35,-1,-1
64492,35,15,-1
64516,35,-1,-1
64600,35,30,-1
64610,35,-1,-1
64628,35,-1,-1
64647,35,-1,-1
64661,35,-1,-1
64689,35,17,32
64751,35,12,5
64826,35,-1,-1
64833,35,-1,-1
64858,35,-1,-1
64863,35,-1,-1
64864,35,-1,-1
64866,35,-1,-1
64907,35,-1,-1
64963,35,-1,-1
65014,35,-1,-1
65074,35,-1,-1
65145,35,-1,-1
65269,35,-1,-1
65306,35,-1,-1
65313,35,27,26
65358,35,-1,-1
65363,35,-1,-1
65381,35,-1,-1
65418,35,-1,-1
65455,35,-1,-1
65495,35,-1,-1
65694,35,-1,-1
65734,35,30,-1
65892,35,26,27
65920,35,20,29
65942,35,-1,-1
65991,35,-1,-1
66016,35,-1,-1
66021,35,-1,-1
66030,35,-1,-1
66038,35,-1,-1
66049,35,-1,-1
66089,35,-1,-1
66128,35,-1,-1
66144,35,-1,-1
66173,35,-1,-1
66201,35,-1,-1
66251,35,-1,-1
66262,35,-1,-1
66276,35,26,27
66284,35,-1,-1
66324,35,-1,-1
66338,35,-1,-1
66392,35,-1,-1
66413,35,-1,-1
66430,35,17,31
66499,35,21,23
66562,35,-1,-1
66604,35,-1,-1
66629,35,-1,-1
66632,35,-1,-1
66654,35,-1,-1
66670,35,20,-1
66759,35,-1,-1
66773,35,-1,-1
66791,35,-1,-1
66842,35,-1,-1
66850,35,-1,-1
66923,35,7,8
66928,35,-1,-1
67014,35,-1,-1
67031,35,-1,-1
67036,35,27,-1
67068,35,27,26
67079,35,-1,-1
67101,35,-1,-1
67137,35,-1,-1
67238,35,-1,-1
67294,35,22,-1
67445,35,-1,-1
67457,35,-1,-1
67484,35,-1,-1
67510,35,-1,-1
67596,35,-1,-1
67683,35,-1,-1
67697,35,-1,-1
67759,35,-1,-1
67893,35,30,-1
68036,35,-1,-1
68069,35,-1,-1
68124,35,-1,-1
68138,35,-1,-1
68183,35,-1,-1
68191,35,29,12
68193,35,9,28
68195,35,-1,-1
68207,35,-1,-1
68240,35,6,3
68256,35,-1,-1
68263,35,17,-1
68264,35,-1,-1
68438,35,-1,-1
68442,35,-1,-1
68457,35,-1,-1
68481,35,-1,-1
68534,35,-1,-1
68580,35,-1,-1
68597,35,-1,-1
68622,35,-1,-1
68652,35,-1,-1
68699,35,-1,-1
68737,35,-1,-1
68788,35,-1,-1
68791,35,-1,-1
68808,35,29,-1
68947,35,-1,-1
69017,35,27,3
69070,35,-1,-1
69090,35,-1,-1
69127,35,27,-1
69133,35,33,-1
69144,35,-1,-1
69208,35,-1,-1
69326,35,-1,-1
69343,35,-1,-1
69409,35,-1,-1
69464,35,-1,-1
69492,35,29,-1
69504,35,-1,-1
69511,35,-1,-1
69540,35,-1,-1
69555,35,-1,-1
69581,35,-1,-1
69676,35,32,-1
69680,35,12,-1
69731,35,-1,-1
69755,35,-1,-1
69790,35,-1,-1
69806,35,-1,-1
69817,35,-1,-1
69828,35,-1,-1
69832,35,-1,-1
69882,35,-1,-1
69966,35,-1,-1
69983,35,-1,-1
70022,35,-1,-1
70030,35,-1,-1
70070,35,-1,-1
70073,35,-1,-1
70177,35,-1,-1
70200,35,-1,-1
70246,35,27,24
70270,35,-1,-1
70315,35,-1,-1
70319,35,-1,-1
70357,35,-1,-1
70377,35,-1,-1
70384,35,-1,-1
70416,35,-1,-1
70433,35,-1,-1
70439,35,-1,-1
70493,35,34,19
70494,35,2,-1
70504,35,-1,-1
70520,35,-1,-1
70560,35,-1,-1
70624,35,-1,-1
70673,35,-1,-1
70808,35,-1,-1
70977,35,-1,-1
70979,35,-1,-1
71012,35,-1,-1
71072,35,-1,-1
71134,35,-1,-1
71153,35,30,-1
71171,35,-1,-1
71199,35,-1,-1
71218,35,-1,-1
71221,35,-1,-1
71233,35,-1,-1
71308,35,-1,-1
71360,35,25,-1
71365,35,19,27
71428,35,27,7
71515,35,-1,-1
71537,35,-1,-1
71579,35,-1,-1
71598,35,-1,-1
71671,35,-1,-1
71683,35,-1,-1
71686,35,-1,-1
71709,35,-1,-1
71737,35,27,-1
71777,35,-1,-1
71849,35,-1,-1
71853,35,-1,-1
71961,35,22,29
71999,35,27,0
72051,35,-1,-1
72081,35,-1,-1
72093,35,-1,-1
72110,35,-1,-1
72146,35,-1,-1
72256,35,-1,-1
72259,35,-1,-1
72323,35,-1,-1
72331,35,-1,-1
72349,35,-1,-1
72350,35,6,22
72385,35,27,-1
72414,35,30,-1
72419,35,-1,-1
72469,35,-1,-1
72472,35,-1,-1
72479,35,-1,-1
72515,35,-1,-1
72528,35,-1,-1
72587,35,30,-1
72599,35,-1,-1
72605,35,-1,-1
72675,35,-1,-1
72704,35,-1,-1
72798,35,-1,-1
72799,35,-1,-1
72811,35,-1,-1
72854,35,-1,-1
72881,35,-1,-1
72895,35,34,-1
72926,35,17,32
72933,35,-1,-1
72937,35,-1,-1
72969,35,-1,-1
72995,35,-1,-1
73003,35,-1,-1
73039,35,-1,-1
73065,35,-1,-1
73116,35,27,20
73165,35,-1,-1
73191,35,-1,-1
73192,35,22,-1
73197,35,4,-1
73229,35,17,30
73230,35,-1,-1
73262,35,-1,-1
73269,35,-1,-1
73278,35,-1,-1
73289,35,-1,-1
73374,35,-1,-1
73384,35,-1,-1
73430,35,-1,-1
73431,35,-1,-1
73459,35,-1,-1
73467,35,27,7
73485,35,-1,-1
73500,35,-1,-1
73520,35,34,-1
73531,35,20,30
73534,35,27,26
73548,35,-1,-1
73557,35,-1,-1
73566,35,-1,-1
73579,35,15,17
73585,35,-1,-1
73594,35,-1,-1
73627,35,-1,-1
73843,35,26,-1
73865,35,27,3
73892,35,-1,-1
73914,35,-1,-1
73956,35,-1,-1
74002,35,-1,-1
74057,35,6,4
74058,35,-1,-1
74073,35,-1,-1
74160,35,-1,-1
74177,35,-1,-1
74220,35,-1,-1
74250,35,27,19
74272,35,-1,-1
74294,35,17,-1
74382,35,-1,-1
74397,35,-1,-1
74430,35,-1,-1
74506,35,-1,-1
74509,35,-1,-1
74536,35,-1,-1
74569,35,-1,-1
74573,35,-1,-1
74582,35,8,21
74592,35,-1,-1
74600,35,12,13
74704,35,-1,-1
74744,35,-1,-1
74805,35,30,-1
74825,35,-1,-1
74841,35,31,32
74964,35,15,19
74976,35,-1,-1
74977,35,-1,-1
75036,35,-1,-1
75087,35,29,-1
75227,35,-1,-1
75279,35,-1,-1
75297,35,6,22
75304,35,-1,-1
75425,35,29,-1
75428,35,17,-1
75462,35,-1,-1
75527,35,-1,-1
75562,35,-1,-1
75666,35,-1,-1
75675,35,-1,-1
75688,35,-1,-1
75721,35,-1,-1
75758,35,-1,-1
75777,35,-1,-1
75791,35,33,-1
75840,35,-1,-1
75847,35,-1,-1
75858,35,-1,-1
75911,35,-1,-1
75916,35,-1,-1
75951,35,-1,-1
75981,35,-1,-1
76018,35,-1,-1
76090,35,-1,-1
76104,35,-1,-1
76125,35,-1,-1
76141,35,-1,-1
76184,35,-1,-1
76243,35,-1,-1
76248,35,-1,-1
76265,35,-1,-1
76295,35,-1,-1
76324,19,35,18
76384,35,-1,-1
76391,35,27,-1
76394,35,-1,-1
76402,35,-1,-1
76491,35,-1,-1
76520,35,-1,-1
76532,35,-1,-1
76544,35,-1,-1
76582,35,-1,-1
76610,35,-1,-1
76619,35,-1,-1
76716,35,-1,-1
76769,22,35,19
76832,35,-1,-1
76864,35,-1,-1
76889,35,-1,-1
76897,35,-1,-1
76905,35,29,-1
76916,35,-1,-1
76938,35,-1,-1
76945,35,27,-1
76948,35,-1,-1
77022,35,-1,-1
77028,35,-1,-1
77063,35,-1,-1
77073,35,-1,-1
77165,22,35,34
77181,35,-1,-1
77253,35,-1,-1
77273,35,-1,-1
77306,35,-1,-1
77325,35,-1,-1
77328,35,-1,-1
77330,35,-1,-1
77394,35,-1,-1
77428,35,-1,-1
77431,35,-1,-1
77433,35,-1,-1
77457,35,-1,-1
77482,35,22,-1
77500,35,-1,-1
77633,35,-1,-1
77689,35,-1,-1
77712,35,-1,-1
77720,35,12,-1
77723,35,-1,-1
77735,35,-1,-1
77788,35,19,8
77800,35,-1,-1
77808,35,-1,-1
77811,35,-1,-1
77850,35,-1,-1
77861,35,-1,-1
77873,35,-1,-1
77933,35,-1,-1
77953,35,-1,-1
77964,35,-1,-1
77986,35,-1,-1
77992,35,-1,-1
78012,35,-1,-1
78026,35,-1,-1
78056,35,-1,-1
78078,35,0,-1
78103,35,-1,-1
78112,35,-1,-1
78137,35,-1,-1
78144,35,-1,-1
78152,35,-1,-1
78188,35,-1,-1
78263,35,30,-1
78265,35,-1,-1
78299,35,-1,-1
78373,35,-1,-1
78425,35,-1,-1
78428,35,-1,-1
78480,35,-1,-1
78493,35,-1,-1
78544,35,-1,-1
78578,35,-1,-1
78594,35,-1,-1
78609,35,-1,-1
78660,35,-1,-1
78674,35,19,26
78733,35,22,21
78769,35,0,-1
78816,35,-1,-1
78822,35,-1,-1
78920,35,27,26
78930,35,-1,-1
78962,35,-1,-1
79059,35,-1,-1
79091,35,-1,-1
79142,35,17,32
79166,35,-1,-1
79178,35,19,26
79196,35,25,-1
79292,35,27,26
79296,35,-1,-1
79314,35,-1,-1
79353,35,-1,-1
79384,35,-1,-1
79408,35,27,3
79466,35,-1,-1
79475,35,-1,-1
79512,35,29,-1
79539,35,-1,-1
79543,35,17,-1
79597,35,-1,-1
79601,35,17,-1
79666,35,-1,-1
79725,35,-1,-1
79768,35,4,-1
79795,35,-1,-1
79814,35,-1,-1
79868,35,-1,-1
79913,35,-1,-1
79919,35,-1,-1
79936,35,-1,-1
80005,35,-1,-1
80021,35,-1,-1
80036,35,-1,-1
80057,35,-1,-1
80069,35,-1,-1
80086,35,-1,-1
80145,35,30,-1
80159,35,30,-1
80224,35,27,-1
80244,35,-1,-1
80302,35,6,22
80359,35,-1,-1
80392,35,-1,-1
80398,35,-1,-1
80403,35,-1,-1
80407,35,-1,-1
80521,35,-1,-1
80525,35,-1,-1
80554,35,-1,-1
80613,35,-1,-1
80658,35,30,-1
80660,35,-1,-1
80683,35,-1,-1
80862,35,30,-1
80959,35,-1,-1
80966,35,17,31
81002,35,-1,-1
81021,35,-1,-1
81089,35,-1,-1
81106,35,22,-1
81125,35,-1,-1
81136,35,-1,-1
81142,35,-1,-1
81219,35,30,33
81237,35,-1,-1
81241,35,-1,-1
81267,35,-1,-1
81270,35,-1,-1
81271,35,-1,-1
81302,35,-1,-1
81310,35,-1,-1
81347,35,27,-1
81383,35,22,-1
81416,35,-1,-1
81507,35,-1,-1
81818,35,-1,-1
81836,35,-1,-1
81857,35,-1,-1
81885,35,-1,-1
81925,35,-1,-1
81963,35,-1,-1
81983,35,30,-1
82035,35,-1,-1
82045,35,-1,-1
82065,35,12,30
82106,35,-1,-1
82238,35,-1,-1
82245,35,-1,-1
82253,35,-1,-1
82269,35,-1,-1
82322,35,-1,-1
82364,35,-1,-1
82370,35,-1,-1
82380,35,18,-1
82460,35,22,28
82498,35,-1,-1
82504,35,25,-1
82511,35,-1,-1
82543,35,-1,-1
82629,35,-1,-1
82647,35,-1,-1
82702,35,-1,-1
82728,35,-1,-1
82732,35,-1,-1
82789,35,-1,-1
82830,35,-1,-1
82859,15,35,-1
82861,35,27,26
82875,35,-1,-1
82879,35,-1,-1
82888,35,-1,-1
82911,35,-1,-1
82965,35,-1,-1
82996,35,27,25
83007,35,-1,-1
83020,35,-1,-1
83053,35,-1,-1
83060,35,-1,-1
83071,35,-1,-1
83097,35,-1,-1
83099,35,22,-1
83113,35,-1,-1
83151,35,-1,-1
83173,35,-1,-1
83190,35,34,-1
83198,35,-1,-1
83203,35,-1,-1
83211,35,-1,-1
83220,35,-1,-1
83278,35,-1,-1
83335,35,-1,-1
83337,35,-1,-1
83342,35,-1,-1
83374,35,-1,-1
83409,35,-1,-1
83482,35,17,-1
83520,35,-1,-1
83563,35,-1,-1
83568,35,-1,-1
83612,35,-1,-1
83629,35,-1,-1
83655,35,-1,-1
83694,35,-1,-1
83797,35,27,-1
83800,35,-1,-1
83812,35,-1,-1
83817,35,-1,-1
83860,35,-1,-1
83881,35,-1,-1
83893,35,-1,-1
83894,35,-1,-1
83903,35,19,27
83951,35,-1,-1
83959,35,-1,-1
83978,35,20,-1
84013,35,-1,-1
84043,35,-1,-1
84073,35,-1,-1
84081,35,34,23
84091,35,-1,-1
84161,35,-1,-1
84166,35,-1,-1
84167,35,-1,-1
84214,35,-1,-1
84215,35,-1,-1
84222,35,-1,-1
84258,35,-1,-1
84259,35,-1,-1
84264,35,-1,-1
84287,35,27,-1
84294,35,-1,-1
84305,35,-1,-1
84363,35,-1,-1
84390,35,23,-1
84399,35,-1,-1
84415,35,-1,-1
84433,35,-1,-1
84450,35,-1,-1
84605,35,-1,-1
84626,35,-1,-1
84637,35,-1,-1
84687,35,-1,-1
84704,35,-1,-1
84722,35,-1,-1
84726,35,17,12
84740,35,-1,-1
84763,35,-1,-1
84819,35,-1,-1
84870,35,-1,-1
84875,35,-1,-1
84911,35,-1,-1
84995,35,-1,-1
85025,35,-1,-1
85057,35,-1,-1
85064,35,-1,-1
85083,35,30,-1
85200,35,27,24
85216,35,-1,-1
85234,35,-1,-1
85283,35,-1,-1
85401,35,-1,-1
85421,35,-1,-1
85438,35,-1,-1
85463,35,-1,-1
85487,35,-1,-1
85497,35,-1,-1
85546,35,-1,-1
85628,35,-1,-1
85629,35,-1,-1
85637,35,-1,-1
85725,35,-1,-1
85734,35,-1,-1
85741,35,-1,-1
85798,35,-1,-1
85819,35,-1,-1
85855,35,-1,-1
85882,35,-1,-1
85940,35,-1,-1
85964,35,-1,-1
85980,35,-1,-1
86056,35,-1,-1
86063,35,-1,-1
86072,35,-1,-1
86201,35,-1,-1
86236,35,-1,-1
86312,35,-1,-1
86330,35,-1,-1
86347,35,-1,-1
86412,35,-1,-1
86466,35,-1,-1
86493,35,-1,-1
86503,35,-1,-1
86525,35,-1,-1
86600,35,-1,-1
86618,35,27,26
86758,35,19,-1
86844,35,-1,-1
86847,35,-1,-1
86865,35,-1,-1
86880,35,17,-1
87005,35,-1,-1
87013,35,-1,-1
87030,35,-1,-1
87101,35,15,-1
87108,35,-1,-1
87110,35,-1,-1
87114,35,-1,-1
87202,35,-1,-1
87206,35,-1,-1
87250,35,-1,-1
87264,35,-1,-1
87341,35,20,-1
87427,35,-1,-1
87461,35,-1,-1
87482,35,27,-1
87520,35,27,29
87573,35,-1,-1
87587,35,-1,-1
87613,35,-1,-1
87616,35,-1,-1
87640,35,-1,-1
87708,35,4,-1
87751,35,21,6
87791,35,-1,-1
87850,35,-1,-1
87930,35,-1,-1
88266,35,26,-1
88275,35,-1,-1
88298,35,-1,-1
88396,35,-1,-1
88410,35,-1,-1
88459,35,11,-1
88518,35,27,19
88538,35,-1,-1
88557,35,-1,-1
88605,35,-1,-1
88622,35,-1,-1
88757,35,-1,-1
88758,35,-1,-1
88832,35,-1,-1
88833,35,-1,-1
88838,35,-1,-1
88845,35,-1,-1
88849,35,-1,-1
88938,35,-1,-1
88961,35,-1,-1
88967,35,-1,-1
89014,35,-1,-1
89020,35,-1,-1
89067,35,-1,-1
89109,35,-1,-1
89172,35,26,27
89244,35,-1,-1
89259,35,-1,-1
89270,35,-1,-1
89293,35,20,-1
89343,35,-1,-1
89344,35,-1,-1
89403,35,15,28
89444,35,27,-1
89463,35,-1,-1
89507,35,-1,-1
89517,35,-1,-1
89601,35,-1,-1
89614,35,-1,-1
89643,35,-1,-1
89678,35,17,0
89700,35,-1,-1
89706,35,-1,-1
89714,35,-1,-1
89724,35,-1,-1
89731,35,15,12
89757,35,-1,-1
89899,35,22,17
89901,35,-1,-1
89906,35,-1,-1
89966,35,-1,-1
90040,35,-1,-1
90062,35,-1,-1
90152,35,30,29
90177,35,-1,-1
90241,35,-1,-1
90251,35,-1,-1
90291,35,-1,-1
90296,35,-1,-1
90299,35,-1,-1
90328,35,27,-1
90329,35,-1,-1
90387,35,-1,-1
90405,35,-1,-1
90423,35,-1,-1
90443,35,-1,-1
90477,35,-1,-1
90493,35,-1,-1
90510,35,-1,-1
90540,35,-1,-1
90599,35,25,-1
90604,35,-1,-1
90618,35,-1,-1
90619,35,-1,-1
90643,35,-1,-1
90661,35,-1,-1
90675,35,23,6
90850,35,4,29
90871,35,-1,-1
90879,35,17,31
90880,35,-1,-1
90909,35,-1,-1
90912,35,-1,-1
90917,35,-1,-1
90924,35,27,24
90976,35,12,29
90984,35,-1,-1
91042,35,-1,-1
91043,35,-1,-1
91047,35,27,-1
91080,35,-1,-1
91106,35,-1,-1
91108,35,27,-1
91148,35,-1,-1
91154,35,-1,-1
91180,35,-1,-1
91212,35,-1,-1
91255,35,-1,-1
91280,35,-1,-1
91304,35,-1,-1
91305,35,-1,-1
91339,35,27,-1
91354,35,-1,-1
91450,35,-1,-1
91487,15,35,3
91497,35,-1,-1
91505,35,-1,-1
91578,35,-1,-1
91579,35,-1,-1
91584,35,-1,-1
91609,35,-1,-1
91625,35,22,6
91628,35,-1,-1
91650,35,-1,-1
91671,35,-1,-1
91750,35,-1,-1
91810,35,-1,-1
91850,35,-1,-1
91859,35,-1,-1
91887,35,-1,-1
91943,35,-1,-1
91971,35,-1,-1
91980,35,22,-1
92003,35,-1,-1
92048,35,-1,-1
92063,35,-1,-1
92075,35,30,-1
92117,35,-1,-1
92126,35,12,-1
92133,35,-1,-1
92185,35,-1,-1
92197,35,-1,-1
92207,35,-1,-1
92268,35,-1,-1
92350,35,-1,-1
92360,35,-1,-1
92361,35,-1,-1
92389,35,13,-1
92390,35,-1,-1
92399,35,-1,-1
92445,35,-1,-1
92452,35,-1,-1
92467,35,-1,-1
92490,35,-1,-1
92492,35,-1,-1
92655,35,17,-1
92678,35,29,-1
92808,35,-1,-1
92864,35,-1,-1
92865,35,-1,-1
92899,35,-1,-1
92907,35,26,27
92958,35,-1,-1
93023,35,-1,-1
93029,35,19,6
93056,35,-1,-1
93080,35,-1,-1
93179,35,-1,-1
93216,35,-1,-1
93218,35,-1,-1
93271,35,29,-1
93279,35,-1,-1
93288,35,-1,-1
93324,35,-1,-1
93335,35,-1,-1
93379,35,-1,-1
93388,35,-1,-1
93478,35,-1,-1
93481,35,-1,-1
93515,35,-1,-1
93554,35,19,-1
93577,35,-1,-1
93636,35,-1,-1
93640,35,-1,-1
93644,35,-1,-1
93724,35,-1,-1
93727,35,-1,-1
93786,35,-1,-1
93787,35,-1,-1
93799,35,-1,-1
93844,35,-1,-1
93886,35,-1,-1
93911,35,-1,-1
93940,35,-1,-1
93947,35,-1,-1
93955,35,-1,-1
93966,35,-1,-1
93999,17,35,32
94025,35,-1,-1
94106,35,-1,-1
94120,35,-1,-1
94157,35,27,19
94160,35,-1,-1
94183,35,-1,-1
94197,35,-1,-1
94279,35,-1,-1
94331,35,29,-1
94343,35,27,3
94382,35,-1,-1
94411,35,-1,-1
94421,35,-1,-1
94431,35,-1,-1
94447,35,-1,-1
94512,35,-1,-1
94521,35,22,23
94532,35,-1,-1
94588,35,-1,-1
94602,35,-1,-1
94612,35,-1,-1
94621,35,-1,-1
94763,35,-1,-1
94764,35,-1,-1
94772,35,-1,-1
94833,35,-1,-1
94834,35,-1,-1
94905,35,-1,-1
94909,35,-1,-1
94966,35,-1,-1
94977,35,-1,-1
94996,35,-1,-1
95098,35,29,-1
95129,35,25,-1
95135,35,-1,-1
95156,35,22,-1
95197,35,-1,-1
95217,35,-1,-1
95221,35,-1,-1
95230,35,26,-1
95233,35,-1,-1
95309,35,27,26
95318,35,27,26
95339,27,35,26
95382,35,2,-1
95408,35,-1,-1
95421,35,-1,-1
95426,35,20,-1
95450,35,-1,-1
95498,35,-1,-1
95532,35,-1,-1
95573,35,-1,-1
95594,35,-1,-1
95596,35,-1,-1
95680,35,-1,-1
95698,35,-1,-1
95778,35,-1,-1
95783,35,11,-1
95793,35,6,13
95812,35,-1,-1
95839,35,-1,-1
95895,35,-1,-1
95986,35,-1,-1
95997,35,27,20
95998,35,-1,-1
96060,35,-1,-1
96061,35,-1,-1
96110,35,-1,-1
96145,35,-1,-1
96173,35,-1,-1
96213,35,-1,-1
96215,35,29,-1
96217,35,20,19
96273,35,-1,-1
96345,35,-1,-1
96419,35,-1,-1
96425,35,-1,-1
96439,35,-1,-1
96527,35,-1,-1
96541,35,26,-1
96570,35,-1,-1
96594,35,-1,-1
96605,35,27,-1
96612,35,-1,-1
96637,35,-1,-1
96658,35,-1,-1
96675,35,-1,-1
96686,35,-1,-1
96690,35,26,-1
96694,35,12,15
96697,35,32,31
96717,35,-1,-1
96783,35,19,-1
96790,35,-1,-1
96883,35,-1,-1
96920,35,-1,-1
96921,35,-1,-1
96963,35,-1,-1
97005,35,-1,-1
97026,35,-1,-1
97029,35,-1,-1
97077,35,-1,-1
97107,35,-1,-1
97145,35,-1,-1
97152,35,-1,-1
97157,35,-1,-1
97171,35,9,19
97199,35,-1,-1
97249,35,-1,-1
97292,35,-1,-1
97327,35,-1,-1
97353,35,-1,-1
97376,35,-1,-1
97509,35,-1,-1
97551,35,-1,-1
97571,35,2,-1
97647,35,-1,-1
97682,35,-1,-1
97694,35,-1,-1
97844,35,-1,-1
97896,35,-1,-1
97902,35,-1,-1
97955,35,-1,-1
97967,35,-1,-1
98056,35,-1,-1
98076,35,-1,-1
98136,35,-1,-1
98146,35,-1,-1
98197,35,-1,-1
98239,35,25,-1
98256,35,-1,-1
98416,35,-1,-1
98449,35,-1,-1
98462,35,-1,-1
98496,35,-1,-1
98512,35,-1,-1
98541,35,-1,-1
98571,35,-1,-1
98616,35,17,32
98654,35,-1,-1
98703,35,-1,-1
98707,35,-1,-1
98795,35,20,27
98816,35,24,-1
98857,35,-1,-1
98885,27,35,19
98896,35,-1,-1
98932,35,-1,-1
98950,35,-1,-1
98978,35,-1,-1
99027,35,-1,-1
99062,35,-1,-1
99077,35,-1,-1
99092,35,-1,-1
99104,35,-1,-1
99123,35,-1,-1
99144,35,-1,-1
99150,35,-1,-1
99208,35,-1,-1
99237,35,-1,-1
99366,35,-1,-1
99375,35,-1,-1
99377,35,11,-1
99381,35,-1,-1
99394,35,-1,-1
99399,35,-1,-1
99403,35,-1,-1
99418,35,-1,-1
99451,35,-1,-1
99505,35,-1,-1
99514,35,-1,-1
99524,35,-1,-1
99605,35,-1,-1
99635,35,-1,-1
99662,35,-1,-1
99764,35,-1,-1
99768,35,31,-1
99775,35,-1,-1
99803,35,-1,-1
99837,35,-1,-1
99849,35,-1,-1
99882,35,-1,-1
99889,35,17,32
99906,35,-1,-1
99908,35,-1,-1
99912,35,-1,-1
99917,35,-1,-1
99954,35,-1,-1
99956,35,-1,-1
99963,35,-1,-1
99996,35,-1,-1
